Date,Country,Region,Retail & recreation,Grocery & pharmacy,Parks,Transit stations,Workplaces,Residential
2020-04-17,United Arab Emirates,Total,-73,-45,-85,-84,-48,23
2020-04-17,United Arab Emirates,Abu Dhabi,-62,-32,-78,-82,-40,20
2020-04-17,United Arab Emirates,Ajman,-60,-40,-91,-54,-40,21
2020-04-17,United Arab Emirates,Dubai,-84,-56,-88,-85,-58,27
2020-04-17,United Arab Emirates,Ras al Khaimah,-57,-31,-68,-74,-30,18
2020-04-17,United Arab Emirates,Sharjah,-63,-44,-90,-80,-39,20
2020-04-17,Afghanistan,Total,-41,-21,-12,-51,-13,11
2020-04-17,Angola,Total,-56,-37,-43,-63,-50,31
2020-04-17,Argentina,Total,-83,-29,-92,-61,-52,28
2020-04-17,Argentina,Buenos Aires,-87,-24,-93,-71,-71,38
2020-04-17,Argentina,Buenos Aires Province,-83,-28,-94,-58,-55,29
2020-04-17,Argentina,Catamarca Province,-73,-9,-90,-54,-29,22
2020-04-17,Argentina,Chaco Province,-81,-27,-92,-76,-41,22
2020-04-17,Argentina,Chubut Province,-83,-32,-92,-76,-47,28
2020-04-17,Argentina,Cordoba,-83,-34,-93,-77,-50,28
2020-04-17,Argentina,Corrientes,-79,-35,-89,-76,-36,22
2020-04-17,Argentina,Entre Rios,-81,-30,-92,-72,-37,23
2020-04-17,Argentina,Formosa Province,-83,-18,-85,-3,-27,17
2020-04-17,Argentina,Jujuy,-81,-32,-87,-80,-37,23
2020-04-17,Argentina,La Pampa,-82,-31,-89,-67,-42,25
2020-04-17,Argentina,La Rioja Province,-75,-25,-95,-63,-43,24
2020-04-17,Argentina,Mendoza Province,-80,-29,-90,-49,-46,29
2020-04-17,Argentina,Misiones Province,-78,-34,-82,-81,-34,22
2020-04-17,Argentina,Neuquen,-84,-38,-92,-62,-54,33
2020-04-17,Argentina,Río Negro,-86,-46,-90,-91,-50,31
2020-04-17,Argentina,Salta Province,-80,-32,-87,-40,-41,23
2020-04-17,Argentina,San Juan Province,-78,-12,-92,-77,-37,24
2020-04-17,Argentina,San Luis Province,-85,-39,-93,-79,-47,26
2020-04-17,Argentina,Santa Cruz Province,-80,-32,-87,-88,-45,27
2020-04-17,Argentina,Santa Fe Province,-81,-28,-94,-32,-47,27
2020-04-17,Argentina,Santiago del Estero Province,-80,-31,-87,-82,-43,23
2020-04-17,Argentina,Tierra del Fuego Province,-85,-50,-89,-83,-63,35
2020-04-17,Argentina,Tucumán,-79,-22,-84,-59,-43,23
2020-04-17,Austria,Total,-65,-16,-10,-58,-52,20
2020-04-17,Austria,Burgenland,-57,-17,35,-33,-49,19
2020-04-17,Austria,Carinthia,-61,-19,-18,-47,-48,18
2020-04-17,Austria,Lower Austria,-58,-8,42,-62,-51,20
2020-04-17,Austria,Salzburg,-72,-27,-45,-66,-51,19
2020-04-17,Austria,Styria,-63,-19,-11,-56,-50,20
2020-04-17,Austria,Tyrol,-73,-30,-46,-63,-51,19
2020-04-17,Austria,Upper Austria,-60,-13,28,-55,-49,19
2020-04-17,Austria,Vienna,-69,-13,4,-60,-60,22
2020-04-17,Austria,Vorarlberg,-61,-17,-38,-64,-46,19
2020-04-17,Australia,Total,-37,-4,-33,-59,-39,20
2020-04-17,Australia,Australian Capital Territory,-37,12,15,-56,-46,24
2020-04-17,Australia,New South Wales,-40,-3,-27,-58,-41,20
2020-04-17,Australia,Northern Territory,-21,10,-12,-42,-15,13
2020-04-17,Australia,Queensland,-33,-6,-31,-59,-35,17
2020-04-17,Australia,South Australia,-33,0,-32,-51,-31,16
2020-04-17,Australia,Tasmania,-51,-24,-69,-65,-34,20
2020-04-17,Australia,Victoria,-41,-9,-47,-68,-43,23
2020-04-17,Australia,Western Australia,-33,-3,-28,-57,-33,18
2020-04-17,Aruba,Total,-66,-27,-44,-69,-61,32
2020-04-17,Bosnia and Herzegovina,Total,-65,-29,-3,-56,-54,19
2020-04-17,Barbados,Total,-70,-45,-63,-80,-71,35
2020-04-17,Bangladesh,Total,-75,-54,-36,-72,-38,20
2020-04-17,Belgium,Total,-75,-19,-14,-66,-63,30
2020-04-17,Belgium,Brussels,-82,-32,-17,-76,-73,34
2020-04-17,Belgium,Flanders,-73,-11,-9,-65,-61,29
2020-04-17,Belgium,Wallonia,-77,-28,-29,-65,-65,31
2020-04-17,Burkina Faso,Total,-27,-24,-17,-43,-16,19
2020-04-17,Bulgaria,Total,-58,-19,-35,-62,-73,26
2020-04-17,Bulgaria,Blagoevgrad Province,-63,-27,-31,-59,-69,23
2020-04-17,Bulgaria,Burgas,-51,-12,-19,-60,-66,21
2020-04-17,Bulgaria,Haskovo Province,-55,-18,-1,-67,-65,22
2020-04-17,Bulgaria,Pazardzhik,-59,-18,-16,-44,-70,24
2020-04-17,Bulgaria,Plovdiv Province,-61,-17,-44,-58,-74,28
2020-04-17,Bulgaria,Ruse,-54,-23,-13,-57,-71,25
2020-04-17,Bulgaria,Sofia City Province,-64,-21,-59,-68,-81,34
2020-04-17,Bulgaria,Stara Zagora,-57,-25,-32,7,-73,27
2020-04-17,Bulgaria,Varna,-56,-17,-36,-71,-71,25
2020-04-17,Bulgaria,Veliko Tarnovo Province,-60,-28,-29,-55,-69,23
2020-04-17,Bahrain,Total,-48,-22,-54,-47,-25,17
2020-04-17,Benin,Total,-18,-9,-8,-24,-14,11
2020-04-17,Bolivia,Total,-82,-67,-75,-81,-74,40
2020-04-17,Brazil,Total,-55,-11,-50,-51,-36,19
2020-04-17,Brazil,Federal District,-56,4,-67,-42,-43,23
2020-04-17,Brazil,State of Acre,-51,-11,-42,-68,-27,16
2020-04-17,Brazil,State of Alagoas,-60,-14,-54,-58,-33,16
2020-04-17,Brazil,State of Amapá,-54,-9,-35,-70,-41,18
2020-04-17,Brazil,State of Amazonas,-56,-16,-53,-43,-42,20
2020-04-17,Brazil,State of Bahia,-57,-20,-56,-59,-34,18
2020-04-17,Brazil,State of Ceará,-68,-19,-55,-62,-47,21
2020-04-17,Brazil,State of Espírito Santo,-53,-5,-55,-55,-30,18
2020-04-17,Brazil,State of Goiás,-51,-8,-36,-42,-31,19
2020-04-17,Brazil,State of Maranhão,-53,-19,-48,-63,-34,17
2020-04-17,Brazil,State of Mato Grosso,-39,-7,-34,-43,-19,14
2020-04-17,Brazil,State of Mato Grosso do Sul,-35,-5,-28,-39,-16,13
2020-04-17,Brazil,State of Minas Gerais,-51,-2,-32,-37,-29,17
2020-04-17,Brazil,State of Pará,-52,-16,-48,-57,-32,20
2020-04-17,Brazil,State of Paraíba,-66,-13,-57,-57,-37,17
2020-04-17,Brazil,State of Paraná,-48,-11,-44,-43,-26,17
2020-04-17,Brazil,State of Pernambuco,-62,-19,-56,-52,-42,19
2020-04-17,Brazil,State of Piauí,-69,-32,-44,-77,-48,23
2020-04-17,Brazil,State of Rio de Janeiro,-58,-14,-70,-55,-44,22
2020-04-17,Brazil,State of Rio Grande do Norte,-60,-16,-54,-51,-33,18
2020-04-17,Brazil,State of Rio Grande do Sul,-49,-13,-51,-49,-31,19
2020-04-17,Brazil,State of Rondônia,-39,-8,-28,-58,-16,14
2020-04-17,Brazil,State of Roraima,-48,-10,-41,-63,-24,15
2020-04-17,Brazil,State of Santa Catarina,-50,-22,-70,-66,-25,16
2020-04-17,Brazil,State of São Paulo,-59,-11,-46,-54,-40,21
2020-04-17,Brazil,State of Sergipe,-56,-22,-51,-69,-38,17
2020-04-17,Brazil,State of Tocantins,-42,-17,-34,-54,-20,14
2020-04-17,The Bahamas,Total,-53,-9,-38,-84,-59,30
2020-04-17,Botswana,Total,-65,-48,-30,-75,-63,41
2020-04-17,Belarus,Total,-21,5,-3,-26,-27,10
2020-04-17,Belize,Total,-69,-41,-53,-79,-68,30
2020-04-17,Canada,Total,-53,-22,-22,-67,-59,27
2020-04-17,Canada,Alberta,-45,-11,-28,-67,-52,24
2020-04-17,Canada,British Columbia,-45,-18,28,-59,-53,21
2020-04-17,Canada,Manitoba,-39,-10,-2,-58,-48,21
2020-04-17,Canada,New Brunswick,-43,-24,-24,-59,-55,24
2020-04-17,Canada,Newfoundland and Labrador,-43,-24,2,-61,-44,21
2020-04-17,Canada,Nova Scotia,-50,-27,-41,-68,-58,24
2020-04-17,Canada,Ontario,-56,-23,-33,-69,-62,28
2020-04-17,Canada,Quebec,-59,-28,-37,-72,-64,30
2020-04-17,Canada,Saskatchewan,-43,-12,4,-53,-48,20
2020-04-17,Côte d'Ivoire,Total,-33,-18,-24,-34,-24,18
2020-04-17,Chile,Total,-62,-36,-62,-60,-47,28
2020-04-17,Chile,Antofagasta,-50,-36,-61,-52,-34,23
2020-04-17,Chile,Araucania,-74,-51,-66,-72,-55,32
2020-04-17,Chile,Arica y Parinacota,-89,-74,-85,-84,-62,34
2020-04-17,Chile,Atacama,-48,-33,-51,-67,-28,24
2020-04-17,Chile,Aysén,-55,-27,-60,-72,-30,19
2020-04-17,Chile,Bio Bio,-58,-36,-58,-52,-42,26
2020-04-17,Chile,Coquimbo,-63,-43,-71,-61,-38,23
2020-04-17,Chile,Los Lagos,-66,-44,-67,-63,-42,28
2020-04-17,Chile,Los Ríos,-67,-42,-74,-66,-41,29
2020-04-17,Chile,Magallanes and Chilean Antarctica,-77,-56,-72,-82,-57,28
2020-04-17,Chile,Maule,-53,-33,-52,-51,-29,23
2020-04-17,Chile,O'Higgins,-50,-31,-51,-49,-29,22
2020-04-17,Chile,Santiago Metropolitan Region,-63,-30,-57,-61,-53,32
2020-04-17,Chile,Tarapacá,-62,-34,-66,-52,-38,26
2020-04-17,Chile,Valparaíso,-62,-42,-66,-57,-40,24
2020-04-17,Cameroon,Total,-25,-19,-18,-25,-17,12
2020-04-17,Colombia,Total,-76,-49,-67,-75,-66,35
2020-04-17,Colombia,Antioquia,-78,-50,-68,-78,-68,35
2020-04-17,Colombia,Atlantico,-77,-50,-71,-81,-67,31
2020-04-17,Colombia,Bogota,-77,-46,-66,-76,-73,43
2020-04-17,Colombia,Bolivar,-81,-61,-80,-87,-66,30
2020-04-17,Colombia,Boyaca,-74,-55,-68,-76,-58,31
2020-04-17,Colombia,Caldas,-79,-56,-68,-88,-63,32
2020-04-17,Colombia,Casanare,-73,-52,-58,-69,-53,32
2020-04-17,Colombia,Cauca,-74,-50,-64,-74,-57,28
2020-04-17,Colombia,Cesar,-77,-54,-63,-81,-55,28
2020-04-17,Colombia,Choco,-66,-44,-44,-67,-41,19
2020-04-17,Colombia,Cordoba,-73,-49,-54,-68,-57,25
2020-04-17,Colombia,Cundinamarca,-71,-48,-64,-71,-61,37
2020-04-17,Colombia,La Guajira,-68,-42,-61,-69,-44,24
2020-04-17,Colombia,Magdalena,-77,-56,-77,-84,-59,26
2020-04-17,Colombia,Meta,-76,-55,-62,-59,-58,33
2020-04-17,Colombia,Narino,-79,-59,-66,-68,-63,30
2020-04-17,Colombia,North Santander,-78,-48,-65,-81,-61,29
2020-04-17,Colombia,Quindio,-81,-54,-76,-89,-66,30
2020-04-17,Colombia,Risaralda,-78,-53,-74,-81,-68,33
2020-04-17,Colombia,Santander,-75,-49,-66,-76,-65,32
2020-04-17,Colombia,Sucre,-77,-49,-67,-89,-48,24
2020-04-17,Colombia,Tolima,-78,-57,-65,-85,-61,30
2020-04-17,Colombia,Valle del Cauca,-74,-48,-70,-71,-64,31
2020-04-17,Costa Rica,Total,-48,-26,-53,-53,-38,22
2020-04-17,Cape Verde,Total,-64,-47,-55,-87,-62,30
2020-04-17,Germany,Total,-55,-4,49,-49,-43,16
2020-04-17,Germany,Baden-Württemberg,-56,-5,40,-51,-45,18
2020-04-17,Germany,Bavaria,-66,-7,25,-56,-46,19
2020-04-17,Germany,Berlin,-64,0,13,-52,-51,18
2020-04-17,Germany,Brandenburg,-45,4,37,-39,-38,14
2020-04-17,Germany,Bremen,-59,-2,65,-52,-43,16
2020-04-17,Germany,Hamburg,-64,3,86,-54,-48,19
2020-04-17,Germany,Hesse,-54,-4,71,-60,-45,17
2020-04-17,Germany,Lower Saxony,-52,-7,53,-43,-41,16
2020-04-17,Germany,Mecklenburg-Vorpommern,-58,-6,30,-40,-33,12
2020-04-17,Germany,North Rhine-Westphalia,-51,-3,90,-50,-44,16
2020-04-17,Germany,Rhineland-Palatinate,-50,-5,55,-56,-43,17
2020-04-17,Germany,Saarland,-53,-13,48,-59,-46,17
2020-04-17,Germany,Saxony,-59,-4,59,-44,-37,14
2020-04-17,Germany,Saxony-Anhalt,-45,-3,48,-41,-30,11
2020-04-17,Germany,Schleswig-Holstein,-52,-5,66,-44,-43,16
2020-04-17,Germany,Thuringia,-46,-7,60,-36,-37,12
2020-04-17,Denmark,Total,-26,-6,127,-50,-45,15
2020-04-17,Denmark,Capital Region of Denmark,-37,-7,109,-57,-53,18
2020-04-17,Denmark,Central Denmark Region,-25,-9,168,-46,-43,14
2020-04-17,Denmark,North Denmark Region,-25,-2,103,-40,-41,13
2020-04-17,Denmark,Region of Southern Denmark,-20,-6,125,-46,-40,13
2020-04-17,Denmark,Region Zealand,-13,-6,180,-46,-43,13
2020-04-17,Dominican Republic,Total,-70,-47,-60,-80,-68,32
2020-04-17,Ecuador,Total,-77,-56,-72,-76,-78,41
2020-04-17,Estonia,Total,-46,-16,-2,-46,-48,20
2020-04-17,Estonia,Harju County,-48,-18,-5,-52,-52,22
2020-04-17,Estonia,Pärnu County,-47,-17,-21,-47,-46,18
2020-04-17,Estonia,Tartu County,-50,-19,-2,-48,-51,22
2020-04-17,Spain,Total,-89,-45,-77,-81,-67,33
2020-04-17,Spain,Andalusia,-88,-50,-76,-82,-66,31
2020-04-17,Spain,Aragon,-88,-43,-70,-79,-62,32
2020-04-17,Spain,Asturias,-89,-42,-75,-70,-64,31
2020-04-17,Spain,Balearic Islands,-87,-44,-76,-82,-63,30
2020-04-17,Spain,Basque Country,-89,-37,-78,-76,-65,34
2020-04-17,Spain,Canary Islands,-90,-49,-86,-80,-67,31
2020-04-17,Spain,Cantabria,-88,-46,-76,-78,-63,32
2020-04-17,Spain,Castile and León,-90,-50,-76,-81,-63,31
2020-04-17,Spain,Castile-La Mancha,-88,-48,-75,-81,-62,32
2020-04-17,Spain,Catalonia,-88,-43,-77,-80,-69,36
2020-04-17,Spain,Community of Madrid,-91,-44,-85,-84,-76,39
2020-04-17,Spain,Extremadura,-88,-51,-69,-78,-61,28
2020-04-17,Spain,Galicia,-87,-42,-71,-80,-62,34
2020-04-17,Spain,La Rioja,-87,-45,-77,-83,-60,30
2020-04-17,Spain,Navarre,-88,-39,-77,-82,-61,33
2020-04-17,Spain,Region of Murcia,-86,-42,-76,-73,-58,30
2020-04-17,Spain,Valencian Community,-89,-47,-79,-82,-65,32
2020-04-17,Finland,Total,-42,-12,32,-59,-48,17
2020-04-17,Finland,Central Finland,-39,-19,19,-69,-49,17
2020-04-17,Finland,Kainuu,-45,-23,9,-57,-42,16
2020-04-17,Finland,Kymenlaakso,-42,-10,53,-64,-40,13
2020-04-17,Finland,Lapland,-55,-24,-27,-69,-47,17
2020-04-17,Finland,North Karelia,-44,-15,-3,-54,-43,15
2020-04-17,Finland,Northern Ostrobothnia,-42,-16,4,-55,-50,18
2020-04-17,Finland,Northern Savonia,-47,-13,18,-52,-44,17
2020-04-17,Finland,Pirkanmaa,-41,-12,41,-55,-50,18
2020-04-17,Finland,Satakunta,-37,-9,58,-41,-38,14
2020-04-17,Finland,Southern Savonia,-44,-12,32,-62,-39,14
2020-04-17,Finland,Southwest Finland,-41,-11,54,-48,-45,16
2020-04-17,Finland,Uusimaa,-43,-8,36,-63,-55,20
2020-04-17,Fiji,Total,-30,-23,-21,-43,-26,21
2020-04-17,France,Total,-81,-33,-62,-79,-68,35
2020-04-17,France,Auvergne-Rhône-Alpes,-81,-34,-61,-81,-67,35
2020-04-17,France,Bourgogne-Franche-Comté,-79,-36,-47,-76,-62,31
2020-04-17,France,Brittany,-81,-34,-53,-79,-64,34
2020-04-17,France,Centre-Val de Loire,-79,-36,-58,-80,-66,33
2020-04-17,France,Corsica,-78,-34,-54,-72,-59,26
2020-04-17,France,Grand Est,-81,-36,-52,-79,-67,32
2020-04-17,France,Hauts-de-France,-80,-32,-59,-80,-67,32
2020-04-17,France,Île-de-France,-84,-27,-81,-80,-78,40
2020-04-17,France,Normandy,-81,-33,-59,-81,-65,33
2020-04-17,France,Nouvelle-Aquitaine,-80,-33,-53,-78,-63,33
2020-04-17,France,Occitanie,-79,-35,-57,-79,-68,33
2020-04-17,France,Pays de la Loire,-81,-34,-53,-82,-67,35
2020-04-17,France,Provence-Alpes-Côte d'Azur,-78,-33,-60,-76,-67,31
2020-04-17,Gabon,Total,-58,-48,-22,-67,-61,34
2020-04-17,United Kingdom,Total,-75,-30,-33,-71,-68,29
2020-04-17,United Kingdom,Aberdeen City,-80,-27,-6,-67,-71,30
2020-04-17,United Kingdom,Aberdeenshire,-65,-31,-20,-54,-68,27
2020-04-17,United Kingdom,Ards And North Down,-64,-20,-39,-62,-70,28
2020-04-17,United Kingdom,"Armagh City, Banbridge And Craigavon",-65,-21,-52,-61,-64,27
2020-04-17,United Kingdom,Bath and North East Somerset,-89,-45,-61,-79,-75,32
2020-04-17,United Kingdom,Bedford,-77,-28,-2,-66,-65,29
2020-04-17,United Kingdom,Belfast,-74,-28,-25,-77,-73,29
2020-04-17,United Kingdom,Blackpool,-76,-23,-15,-54,-61,23
2020-04-17,United Kingdom,Bridgend County Borough,-78,-25,-55,-68,-66,27
2020-04-17,United Kingdom,Brighton and Hove,-84,-38,-44,-75,-75,31
2020-04-17,United Kingdom,Buckinghamshire,-73,-32,-27,-70,-71,32
2020-04-17,United Kingdom,Caerphilly County Borough,-70,-29,-50,-64,-64,27
2020-04-17,United Kingdom,Cambridgeshire,-77,-29,-17,-74,-70,30
2020-04-17,United Kingdom,Cardiff,-83,-36,-66,-81,-73,31
2020-04-17,United Kingdom,Carmarthenshire,-73,-20,-48,-59,-64,25
2020-04-17,United Kingdom,Causeway Coast and Glens,-72,-21,-38,-57,-65,27
2020-04-17,United Kingdom,Central Bedfordshire,-71,-27,-4,-65,-69,31
2020-04-17,United Kingdom,Cheshire East,-72,-30,-16,-68,-68,28
2020-04-17,United Kingdom,Cheshire West and Chester,-78,-32,-18,-67,-68,28
2020-04-17,United Kingdom,City of Bristol,-84,-37,-43,-83,-74,35
2020-04-17,United Kingdom,Cornwall,-78,-40,-55,-60,-65,25
2020-04-17,United Kingdom,County Durham,-68,-28,-13,-56,-65,26
2020-04-17,United Kingdom,Cumbria,-73,-31,-37,-63,-67,26
2020-04-17,United Kingdom,Derby,-73,-28,17,-77,-67,27
2020-04-17,United Kingdom,Derbyshire,-74,-26,-14,-55,-65,27
2020-04-17,United Kingdom,Derry And Strabane,-64,-19,-52,-50,-63,25
2020-04-17,United Kingdom,Devon,-80,-37,-50,-68,-65,27
2020-04-17,United Kingdom,Dorset,-79,-35,-47,-66,-68,28
2020-04-17,United Kingdom,Dumfries and Galloway,-70,-27,-42,-67,-60,22
2020-04-17,United Kingdom,Dundee City Council,-74,-32,-5,-67,-67,25
2020-04-17,United Kingdom,East Riding of Yorkshire,-71,-28,-32,-43,-64,26
2020-04-17,United Kingdom,East Sussex,-75,-29,-26,-61,-66,26
2020-04-17,United Kingdom,Edinburgh,-84,-35,-53,-85,-79,33
2020-04-17,United Kingdom,Essex,-71,-31,-15,-78,-68,29
2020-04-17,United Kingdom,Falkirk,-70,-27,-21,-62,-67,28
2020-04-17,United Kingdom,Fife,-71,-22,-25,-60,-67,26
2020-04-17,United Kingdom,Flintshire,-64,-26,-25,-46,-66,27
2020-04-17,United Kingdom,Glasgow City,-79,-32,-44,-83,-74,30
2020-04-17,United Kingdom,Gloucestershire,-80,-37,-43,-68,-67,29
2020-04-17,United Kingdom,Greater London,-81,-34,-43,-79,-75,36
2020-04-17,United Kingdom,Greater Manchester,-72,-29,-11,-75,-67,28
2020-04-17,United Kingdom,Hampshire,-78,-35,-47,-73,-70,30
2020-04-17,United Kingdom,Herefordshire,-74,-33,-22,-57,-58,25
2020-04-17,United Kingdom,Hertfordshire,-74,-32,-17,-76,-71,32
2020-04-17,United Kingdom,Highland Council,-74,-33,-28,-60,-66,23
2020-04-17,United Kingdom,Isle of Wight,-82,-36,-55,-72,-65,25
2020-04-17,United Kingdom,Kent,-74,-31,-22,-63,-66,28
2020-04-17,United Kingdom,Kingston upon Hull,-69,-27,-20,-62,-59,25
2020-04-17,United Kingdom,Lancashire,-71,-26,1,-63,-63,26
2020-04-17,United Kingdom,Leicester,-73,-29,-23,-74,-64,26
2020-04-17,United Kingdom,Leicestershire,-72,-28,-15,-63,-67,28
2020-04-17,United Kingdom,Lincolnshire,-70,-28,-29,-59,-60,24
2020-04-17,United Kingdom,Medway,-73,-23,-15,-66,-64,28
2020-04-17,United Kingdom,Merseyside,-71,-24,-10,-68,-66,26
2020-04-17,United Kingdom,Mid And East Antrim,-69,-20,-31,-67,-67,27
2020-04-17,United Kingdom,Middlesbrough,-71,-30,-35,-70,-61,24
2020-04-17,United Kingdom,Milton Keynes,-74,-32,-29,-75,-70,30
2020-04-17,United Kingdom,Neath Port Talbot Principle Area,-69,-25,-41,-62,-64,25
2020-04-17,United Kingdom,Newport,-76,-33,-53,-74,-65,27
2020-04-17,United Kingdom,"Newry, Mourne And Down",-71,-21,-40,-49,-67,30
2020-04-17,United Kingdom,Norfolk,-74,-32,-33,-62,-62,26
2020-04-17,United Kingdom,North Ayrshire Council,-69,-16,-19,-60,-65,25
2020-04-17,United Kingdom,North East Lincolnshire,-71,-27,-40,-54,-55,23
2020-04-17,United Kingdom,North Lincolnshire,-63,-25,-24,-44,-57,23
2020-04-17,United Kingdom,North Somerset,-78,-38,-53,-86,-68,29
2020-04-17,United Kingdom,North Yorkshire,-77,-32,-38,-63,-65,26
2020-04-17,United Kingdom,Northamptonshire,-72,-26,-31,-61,-63,28
2020-04-17,United Kingdom,Northumberland,-72,-21,-37,-50,-63,25
2020-04-17,United Kingdom,Nottingham,-83,-30,-5,-76,-68,27
2020-04-17,United Kingdom,Nottinghamshire,-72,-28,-14,-55,-65,27
2020-04-17,United Kingdom,Oxfordshire,-79,-34,-39,-75,-71,32
2020-04-17,United Kingdom,Perth and Kinross,-80,-32,-27,-64,-71,27
2020-04-17,United Kingdom,Plymouth,-80,-40,-49,-70,-67,27
2020-04-17,United Kingdom,Portsmouth,-84,-37,-46,-72,-67,29
2020-04-17,United Kingdom,Reading,-83,-35,-29,-84,-75,34
2020-04-17,United Kingdom,Redcar and Cleveland,-75,-27,-11,-38,-61,24
2020-04-17,United Kingdom,Renfrewshire,-75,-23,-10,-82,-72,29
2020-04-17,United Kingdom,Rhondda Cynon Taff,-72,-31,-56,-64,-67,27
2020-04-17,United Kingdom,Shropshire,-74,-33,-33,-60,-64,26
2020-04-17,United Kingdom,Slough,-67,-32,-36,-76,-66,30
2020-04-17,United Kingdom,Somerset,-78,-35,-50,-67,-62,26
2020-04-17,United Kingdom,South Gloucestershire,-74,-29,-33,-68,-69,31
2020-04-17,United Kingdom,South Lanarkshire,-67,-24,-7,-63,-70,28
2020-04-17,United Kingdom,South Yorkshire,-74,-26,-12,-65,-64,27
2020-04-17,United Kingdom,Southampton,-81,-32,-53,-72,-66,29
2020-04-17,United Kingdom,Southend-on-Sea,-78,-22,-12,-75,-68,29
2020-04-17,United Kingdom,Staffordshire,-73,-26,-18,-61,-66,28
2020-04-17,United Kingdom,Stockton-on-Tees,-70,-27,-16,-63,-63,26
2020-04-17,United Kingdom,Stoke-on-Trent,-72,-25,-7,-70,-62,25
2020-04-17,United Kingdom,Suffolk,-75,-32,-25,-57,-63,26
2020-04-17,United Kingdom,Surrey,-77,-34,-39,-74,-74,32
2020-04-17,United Kingdom,Swansea,-76,-41,-41,-71,-66,27
2020-04-17,United Kingdom,Swindon,-76,-33,-38,-71,-69,30
2020-04-17,United Kingdom,Thurrock,-74,-33,-42,-65,-64,29
2020-04-17,United Kingdom,Torbay,-83,-33,-58,-69,-64,25
2020-04-17,United Kingdom,Tyne and Wear,-74,-26,-21,-67,-67,28
2020-04-17,United Kingdom,Warrington,-73,-22,29,-67,-66,27
2020-04-17,United Kingdom,Warwickshire,-76,-27,-23,-65,-69,29
2020-04-17,United Kingdom,West Berkshire,-81,-36,-38,-76,-73,31
2020-04-17,United Kingdom,West Lothian,-65,-16,-24,-61,-67,27
2020-04-17,United Kingdom,West Midlands,-73,-28,-24,-73,-68,28
2020-04-17,United Kingdom,West Sussex,-76,-32,-45,-85,-68,29
2020-04-17,United Kingdom,West Yorkshire,-72,-28,-15,-70,-67,28
2020-04-17,United Kingdom,Wiltshire,-76,-36,-57,-66,-68,29
2020-04-17,United Kingdom,Wokingham,-75,-40,-24,-73,-77,33
2020-04-17,United Kingdom,Worcestershire,-75,-32,-23,-66,-67,28
2020-04-17,United Kingdom,Wrexham Principal Area,-69,-24,-27,-53,-59,25
2020-04-17,United Kingdom,York,-81,-35,-39,-80,-73,30
2020-04-17,Georgia,Total,-74,-40,-28,-64,-73,28
2020-04-17,Ghana,Total,-50,-40,-33,-56,-43,29
2020-04-17,Greece,Total,-75,-2,-23,-69,-73,30
2020-04-17,Greece,Crete Region,-72,-3,-26,-73,-66,26
2020-04-17,Greece,Decentralized Administration of Attica,-75,-3,-24,-70,-79,34
2020-04-17,Greece,Decentralized Administration of Epirus and Western Macedonia,-77,-3,-33,-63,-67,26
2020-04-17,Greece,Decentralized Administration of Macedonia and Thrace,-76,1,-34,-79,-71,29
2020-04-17,Greece,"Decentralized Administration of Peloponnese, Western Greece and the Ionian",-71,0,-23,-67,-65,26
2020-04-17,Greece,Decentralized Administration of the Aegean,-68,-7,3,-55,-62,21
2020-04-17,Greece,Decentralized Administration of Thessaly and Central Greece,-74,2,-11,-67,-67,27
2020-04-17,Guatemala,Total,-59,-35,-48,-70,-48,31
2020-04-17,Hong Kong,Total,-23,-1,-10,-37,-21,18
2020-04-17,Honduras,Total,-71,-43,-50,-65,-59,27
2020-04-17,Croatia,Total,-63,-27,0,-67,-54,21
2020-04-17,Croatia,Bjelovar-Bilogora County,-61,-29,36,-73,-46,17
2020-04-17,Croatia,City of Zagreb,-66,-34,3,-70,-62,26
2020-04-17,Croatia,Dubrovnik-Neretva County,-62,-29,-15,-58,-55,20
2020-04-17,Croatia,Istria County,-53,-25,8,-59,-48,19
2020-04-17,Croatia,Karlovac County,-64,-30,65,-57,-48,20
2020-04-17,Croatia,Osijek-Baranja County,-62,-25,35,-67,-50,18
2020-04-17,Croatia,Primorje-Gorski Kotar County,-66,-29,-12,-68,-53,22
2020-04-17,Croatia,Split-Dalmatia County,-67,-27,-14,-70,-57,21
2020-04-17,Croatia,Zadar County,-63,-23,9,-65,-50,18
2020-04-17,Croatia,Zagreb County,-60,-26,0,-63,-54,23
2020-04-17,Haiti,Total,-32,-28,-22,-47,-33,12
2020-04-17,Hungary,Total,-44,-14,1,-48,-45,19
2020-04-17,Hungary,Bács-Kiskun,-35,-8,32,-38,-36,15
2020-04-17,Hungary,Baranya,-46,-13,29,-38,-43,17
2020-04-17,Hungary,Békés County,-34,-9,24,-34,-37,14
2020-04-17,Hungary,Borsod-Abaúj-Zemplén,-35,-14,45,-31,-39,15
2020-04-17,Hungary,Budapest,-60,-21,-29,-64,-57,24
2020-04-17,Hungary,Csongrád,-44,-16,-10,-40,-44,18
2020-04-17,Hungary,Fejér,-37,-11,20,-44,-44,18
2020-04-17,Hungary,Gyor-Moson-Sopron,-43,-14,-11,-47,-46,19
2020-04-17,Hungary,Hajdú-Bihar,-41,-12,12,-46,-40,16
2020-04-17,Hungary,Heves County,-38,-14,-8,-40,-39,15
2020-04-17,Hungary,Jász-Nagykun-Szolnok,-29,-7,52,-34,-36,14
2020-04-17,Hungary,Komárom-Esztergom,-33,-9,58,-35,-40,17
2020-04-17,Hungary,Pest County,-29,-10,57,-37,-47,21
2020-04-17,Hungary,Somogy County,-27,-7,25,-28,-38,15
2020-04-17,Hungary,Szabolcs-Szatmár-Bereg,-30,-17,11,-29,-36,14
2020-04-17,Hungary,Vas County,-40,-13,32,-42,-40,17
2020-04-17,Hungary,Veszprém,-31,-9,34,-32,-41,17
2020-04-17,Hungary,Zala County,-40,-14,-3,-34,-38,15
2020-04-17,Indonesia,Total,-38,-23,-35,-58,-35,18
2020-04-17,Indonesia,Aceh,-22,-13,-22,-48,-22,10
2020-04-17,Indonesia,Bali,-46,-36,-61,-74,-41,20
2020-04-17,Indonesia,Bangka Belitung Islands,-38,-15,-30,-66,-24,14
2020-04-17,Indonesia,Banten,-35,-16,-24,-65,-36,21
2020-04-17,Indonesia,Bengkulu,-24,-14,-25,-50,-28,12
2020-04-17,Indonesia,Central Java,-32,-20,-37,-53,-31,16
2020-04-17,Indonesia,Central Kalimantan,-32,-20,-31,-43,-25,10
2020-04-17,Indonesia,Central Sulawesi,-33,-18,-3,-53,-24,12
2020-04-17,Indonesia,East Java,-30,-17,-37,-51,-30,15
2020-04-17,Indonesia,East Kalimantan,-37,-19,-31,-51,-28,14
2020-04-17,Indonesia,East Nusa Tenggara,-37,-19,-24,-39,-25,13
2020-04-17,Indonesia,Gorontalo,-30,-14,-15,-58,-31,16
2020-04-17,Indonesia,Jakarta,-55,-28,-47,-70,-50,26
2020-04-17,Indonesia,Jambi,-31,-16,-25,-45,-25,12
2020-04-17,Indonesia,Lampung,-24,-10,-21,-45,-31,12
2020-04-17,Indonesia,Maluku,-39,-24,-17,-40,-31,13
2020-04-17,Indonesia,North Kalimantan,-36,-18,-29,-42,-24,12
2020-04-17,Indonesia,North Maluku,-31,-9,-19,-43,-23,12
2020-04-17,Indonesia,North Sulawesi,-44,-24,-30,-54,-32,17
2020-04-17,Indonesia,North Sumatra,-42,-27,-43,-53,-31,16
2020-04-17,Indonesia,Papua,-41,-33,-31,-50,-28,15
2020-04-17,Indonesia,Riau,-37,-27,-12,-51,-26,14
2020-04-17,Indonesia,Riau Islands,-41,-21,-32,-64,-23,16
2020-04-17,Indonesia,South East Sulawesi,-36,-22,-20,-45,-24,13
2020-04-17,Indonesia,South Kalimantan,-35,-23,-35,-52,-28,13
2020-04-17,Indonesia,South Sulawesi,-43,-22,-26,-55,-35,16
2020-04-17,Indonesia,South Sumatra,-31,-16,-16,-47,-29,13
2020-04-17,Indonesia,Special Region of Yogyakarta,-52,-41,-61,-71,-41,20
2020-04-17,Indonesia,West Java,-38,-25,-31,-60,-39,21
2020-04-17,Indonesia,West Kalimantan,-46,-26,-33,-49,-27,14
2020-04-17,Indonesia,West Nusa Tenggara,-36,-21,-37,-58,-27,14
2020-04-17,Indonesia,West Papua,-35,-20,-43,-68,-28,14
2020-04-17,Indonesia,West Sulawesi,-29,-19,-41,-53,-28,14
2020-04-17,Indonesia,West Sumatra,-37,-20,-43,-52,-33,15
2020-04-17,India,Total,-85,-43,-60,-65,-65,31
2020-04-17,Iraq,Total,-58,-32,-41,-54,-19,14
2020-04-17,Italy,Total,-79,-34,-75,-76,-63,32
2020-04-17,Italy,Abruzzo,-78,-33,-76,-79,-63,31
2020-04-17,Italy,Aosta,-86,-40,-74,-73,-61,32
2020-04-17,Italy,Apulia,-76,-35,-72,-80,-60,27
2020-04-17,Italy,Basilicata,-76,-34,-61,-69,-60,26
2020-04-17,Italy,Calabria,-80,-41,-70,-80,-62,27
2020-04-17,Italy,Campania,-81,-36,-77,-78,-65,30
2020-04-17,Italy,Emilia-Romagna,-78,-29,-75,-75,-59,33
2020-04-17,Italy,Friuli-Venezia Giulia,-79,-25,-72,-69,-57,32
2020-04-17,Italy,Lazio,-80,-37,-79,-80,-67,34
2020-04-17,Italy,Liguria,-76,-36,-71,-73,-61,30
2020-04-17,Italy,Lombardy,-83,-36,-75,-82,-67,36
2020-04-17,Italy,Marche,-78,-33,-76,-71,-63,34
2020-04-17,Italy,Molise,-75,-37,-71,-67,-60,27
2020-04-17,Italy,Piedmont,-79,-33,-71,-75,-64,34
2020-04-17,Italy,Sardinia,-78,-35,-71,-70,-57,26
2020-04-17,Italy,Sicily,-79,-38,-74,-79,-62,27
2020-04-17,Italy,Trentino-South Tyrol,-81,-44,-79,-74,-60,31
2020-04-17,Italy,Tuscany,-78,-37,-75,-72,-62,33
2020-04-17,Italy,Umbria,-78,-35,-67,-67,-57,30
2020-04-17,Italy,Veneto,-78,-25,-72,-76,-58,32
2020-04-17,Jamaica,Total,-53,-32,-52,-57,-50,29
2020-04-17,Jordan,Total,-92,-85,-76,-95,-63,22
2020-04-17,Japan,Total,-31,4,-1,-46,-23,14
2020-04-17,Japan,Aichi,-29,0,-5,-46,-20,14
2020-04-17,Japan,Akita,-13,1,59,-28,-8,6
2020-04-17,Japan,Aomori,-16,1,16,-30,-8,6
2020-04-17,Japan,Chiba,-30,10,22,-51,-32,19
2020-04-17,Japan,Ehime,-22,0,-10,-36,-9,8
2020-04-17,Japan,Fukui,-29,3,11,-39,-15,12
2020-04-17,Japan,Fukuoka,-34,-4,-16,-54,-25,16
2020-04-17,Japan,Fukushima,-17,6,19,-35,-8,7
2020-04-17,Japan,Gifu,-28,2,-15,-45,-17,12
2020-04-17,Japan,Gunma,-21,2,6,-44,-15,11
2020-04-17,Japan,Hiroshima,-26,3,-12,-42,-13,11
2020-04-17,Japan,Hokkaido,-20,6,12,-34,-10,6
2020-04-17,Japan,Hyogo,-31,6,9,-45,-25,15
2020-04-17,Japan,Ibaraki,-19,7,4,-47,-16,12
2020-04-17,Japan,Ishikawa,-29,3,4,-52,-18,12
2020-04-17,Japan,Iwate,-12,4,25,-28,-5,5
2020-04-17,Japan,Kagawa,-24,0,-18,-42,-11,9
2020-04-17,Japan,Kagoshima,-16,1,-11,-32,-6,6
2020-04-17,Japan,Kanagawa,-35,10,13,-49,-38,22
2020-04-17,Japan,Kochi,-28,-4,-13,-35,-12,10
2020-04-17,Japan,Kumamoto,-22,-1,-17,-37,-12,10
2020-04-17,Japan,Kyoto,-30,3,-8,-48,-21,13
2020-04-17,Japan,Mie,-24,0,-31,-46,-12,10
2020-04-17,Japan,Miyagi,-24,6,11,-43,-14,11
2020-04-17,Japan,Miyazaki,-19,2,-15,-34,-7,7
2020-04-17,Japan,Nagano,-24,2,3,-44,-12,10
2020-04-17,Japan,Nagasaki,-21,0,-27,-33,-8,8
2020-04-17,Japan,Nara,-18,9,-8,-38,-19,11
2020-04-17,Japan,Niigata,-14,5,31,-39,-9,7
2020-04-17,Japan,Oita,-21,0,-22,-39,-11,9
2020-04-17,Japan,Okayama,-16,4,-1,-37,-9,8
2020-04-17,Japan,Okinawa,-34,-7,-24,-56,-18,12
2020-04-17,Japan,Osaka,-41,2,6,-48,-28,16
2020-04-17,Japan,Saga,-19,0,-21,-40,-10,9
2020-04-17,Japan,Saitama,-26,12,16,-49,-30,18
2020-04-17,Japan,Shiga,-22,2,6,-44,-16,11
2020-04-17,Japan,Shimane,-20,6,-11,-32,-8,8
2020-04-17,Japan,Shizuoka,-21,3,-6,-44,-13,10
2020-04-17,Japan,Tochigi,-22,4,4,-46,-14,11
2020-04-17,Japan,Tokushima,-19,2,-8,-34,-9,7
2020-04-17,Japan,Tokyo,-53,7,-8,-57,-46,26
2020-04-17,Japan,Tottori,-16,8,-5,-32,-8,6
2020-04-17,Japan,Toyama,-23,6,11,-40,-12,10
2020-04-17,Japan,Wakayama,-22,2,-1,-38,-12,8
2020-04-17,Japan,Yamagata,-20,0,46,-42,-13,9
2020-04-17,Japan,Yamaguchi,-23,1,-16,-39,-12,10
2020-04-17,Japan,Yamanashi,-25,-2,-19,-47,-14,11
2020-04-17,Kenya,Total,-45,-32,-30,-41,-35,25
2020-04-17,Kenya,Kajiado County,-33,-17,-29,-26,-34,30
2020-04-17,Kenya,Kiambu County,-34,-30,-16,-34,-39,29
2020-04-17,Kenya,Kilifi County,-43,-43,-47,-35,-36,21
2020-04-17,Kenya,Kisumu County,-47,-16,-44,-54,-27,20
2020-04-17,Kenya,Machakos County,-52,29,-39,-33,-35,28
2020-04-17,Kenya,Mombasa County,-48,-39,-37,-50,-30,22
2020-04-17,Kenya,Nairobi County,-52,-40,-57,-47,-40,30
2020-04-17,Kenya,Nakuru County,-37,-29,-41,-47,-27,19
2020-04-17,Kenya,Uasin Gishu County,-31,-45,-33,-50,-30,17
2020-04-17,Kyrgyzstan,Total,-72,-57,-31,-68,-63,23
2020-04-17,Cambodia,Total,-42,-28,-26,-60,-34,13
2020-04-17,South Korea,Total,-23,-7,-19,-20,-6,9
2020-04-17,Kuwait,Total,-70,-47,-65,-66,-43,24
2020-04-17,Kuwait,Al Ahmadi Governorate,-70,-47,-58,-53,-43,23
2020-04-17,Kuwait,Al Asimah Governate,-80,-53,-77,-73,-45,24
2020-04-17,Kuwait,Al Farwaniyah Governorate,-66,-55,-63,-74,-44,24
2020-04-17,Kuwait,Al Jahra Governorate,-58,-37,-47,-16,-26,23
2020-04-17,Kuwait,Hawalli Governorate,-70,-41,-68,-45,-48,23
2020-04-17,Kazakhstan,Total,-59,-37,-27,-50,-55,22
2020-04-17,Laos,Total,-62,-42,-18,-72,-54,22
2020-04-17,Lebanon,Total,-60,-25,-33,-76,-59,19
2020-04-17,Sri Lanka,Total,-82,-79,-47,-77,-70,43
2020-04-17,Lithuania,Total,-54,-10,21,-53,-50,21
2020-04-17,Lithuania,Alytus County,-51,-14,38,-42,-45,17
2020-04-17,Lithuania,Kaunas County,-53,-10,11,-56,-49,21
2020-04-17,Lithuania,Klaipėda County,-53,3,15,-22,-48,19
2020-04-17,Lithuania,Marijampolė County,-48,-22,8,-37,-44,17
2020-04-17,Lithuania,Panevėžys County,-50,-7,-9,-54,-44,18
2020-04-17,Lithuania,Šiauliai County,-52,-13,15,-17,-45,17
2020-04-17,Lithuania,Utena County,-43,-3,40,-19,-44,17
2020-04-17,Lithuania,Vilnius County,-59,-17,19,-61,-57,26
2020-04-17,Luxembourg,Total,-81,-20,-21,-68,-71,37
2020-04-17,Latvia,Total,-29,-9,-8,-45,-41,16
2020-04-17,Latvia,Riga,-37,-14,-44,-52,-44,18
2020-04-17,Libya,Total,-47,-23,-34,-49,-13,12
2020-04-17,Moldova,Total,-51,-23,-25,-55,-56,20
2020-04-17,North Macedonia,Total,-58,-2,-5,-58,-70,23
2020-04-17,Mali,Total,-20,-17,-10,-36,-12,11
2020-04-17,Myanmar (Burma),Total,-74,-64,-26,-72,-67,31
2020-04-17,Mongolia,Total,-10,14,-2,-6,-3,4
2020-04-17,Malta,Total,-64,-21,-22,-49,-56,28
2020-04-17,Mauritius,Total,-83,-63,-77,-86,-79,37
2020-04-17,Mexico,Total,-55,-18,-47,-58,-47,24
2020-04-17,Mexico,Aguascalientes,-54,-7,-32,-66,-47,24
2020-04-17,Mexico,Baja California,-58,-12,-42,-63,-52,26
2020-04-17,Mexico,Baja California Sur,-68,-27,-63,-72,-57,28
2020-04-17,Mexico,Campeche,-57,-26,-55,-58,-49,25
2020-04-17,Mexico,Chiapas,-55,-20,-45,-59,-42,19
2020-04-17,Mexico,Chihuahua,-54,-12,-38,-61,-49,24
2020-04-17,Mexico,Coahuila,-54,-15,-50,-50,-49,25
2020-04-17,Mexico,Colima,-51,-13,-38,-58,-35,19
2020-04-17,Mexico,Durango,-47,-16,-39,-54,-42,19
2020-04-17,Mexico,Guanajuato,-50,-11,-45,-47,-44,22
2020-04-17,Mexico,Guerrero,-59,-27,-52,-63,-45,20
2020-04-17,Mexico,Hidalgo,-43,-17,-35,-57,-42,21
2020-04-17,Mexico,Jalisco,-50,-13,-40,-58,-43,21
2020-04-17,Mexico,Mexico City,-65,-26,-57,-62,-57,29
2020-04-17,Mexico,Michoacán,-47,-16,-32,-48,-35,16
2020-04-17,Mexico,Morelos,-51,-20,-45,-52,-42,21
2020-04-17,Mexico,Nayarit,-60,-25,-57,-56,-45,22
2020-04-17,Mexico,Nuevo Leon,-53,-14,-49,-58,-48,25
2020-04-17,Mexico,Oaxaca,-54,-27,-52,-54,-42,20
2020-04-17,Mexico,Puebla,-53,-16,-41,-44,-48,22
2020-04-17,Mexico,Querétaro,-55,-12,-46,-37,-49,26
2020-04-17,Mexico,Quintana Roo,-73,-37,-71,-85,-62,34
2020-04-17,Mexico,San Luis Potosi,-51,-14,-50,-57,-46,23
2020-04-17,Mexico,Sinaloa,-61,-25,-50,-64,-50,26
2020-04-17,Mexico,Sonora,-62,-26,-49,-62,-53,27
2020-04-17,Mexico,State of Mexico,-46,-9,-31,-53,-46,22
2020-04-17,Mexico,Tabasco,-57,-28,-45,-53,-48,22
2020-04-17,Mexico,Tamaulipas,-50,-13,-48,-54,-44,22
2020-04-17,Mexico,Tlaxcala,-45,-14,-34,-43,-44,21
2020-04-17,Mexico,Veracruz,-48,-14,-42,-52,-39,18
2020-04-17,Mexico,Yucatan,-65,-31,-60,-73,-54,30
2020-04-17,Mexico,Zacatecas,-55,-25,-51,-56,-45,21
2020-04-17,Malaysia,Total,-81,-44,-59,-80,-61,40
2020-04-17,Mozambique,Total,-30,-21,-32,-29,-14,13
2020-04-17,Namibia,Total,-49,-25,-42,-70,-49,26
2020-04-17,Niger,Total,-23,-14,-24,-34,-18,13
2020-04-17,Nigeria,Total,-55,-42,-46,-54,-49,31
2020-04-17,Nigeria,Abia,-49,-47,0,-53,-42,19
2020-04-17,Nigeria,Akwa Ibom,-57,-31,-50,-74,-43,23
2020-04-17,Nigeria,Anambra,-49,-54,-44,-59,-47,22
2020-04-17,Nigeria,Delta,-61,-54,-29,-60,-42,29
2020-04-17,Nigeria,Edo,-49,-27,-28,-36,-28,17
2020-04-17,Nigeria,Enugu,-50,-38,-41,-42,-37,19
2020-04-17,Nigeria,Federal Capital Territory,-71,-60,-68,-85,-62,43
2020-04-17,Nigeria,Imo,-50,-35,-36,-57,-28,16
2020-04-17,Nigeria,Kaduna,-62,-47,-35,-46,-43,27
2020-04-17,Nigeria,Kano,-60,-62,-45,-53,-62,32
2020-04-17,Nigeria,Lagos,-71,-56,-70,-59,-66,44
2020-04-17,Nigeria,Ogun State,-28,7,-10,-30,-49,25
2020-04-17,Nigeria,Ondo,-40,-41,-36,-35,-28,17
2020-04-17,Nigeria,Osun,-58,-45,-19,-63,-49,22
2020-04-17,Nigeria,Oyo,-42,-34,-33,-33,-35,19
2020-04-17,Nigeria,Rivers,-26,-16,-11,-38,-26,20
2020-04-17,Nicaragua,Total,-26,-12,-16,-27,-16,10
2020-04-17,Netherlands,Total,-41,-10,38,-59,-45,17
2020-04-17,Netherlands,Drenthe,-33,-9,15,-53,-39,14
2020-04-17,Netherlands,Flevoland,-34,-9,76,-58,-45,17
2020-04-17,Netherlands,Friesland,-41,-13,75,-48,-39,13
2020-04-17,Netherlands,Gelderland,-38,-8,54,-54,-42,16
2020-04-17,Netherlands,Groningen,-45,-14,63,-59,-46,16
2020-04-17,Netherlands,Limburg,-46,-5,20,-50,-42,16
2020-04-17,Netherlands,North Brabant,-42,-9,41,-62,-42,17
2020-04-17,Netherlands,North Holland,-49,-12,18,-70,-50,19
2020-04-17,Netherlands,Overijssel,-41,-9,69,-60,-42,16
2020-04-17,Netherlands,South Holland,-40,-8,38,-59,-46,18
2020-04-17,Netherlands,Utrecht,-43,-13,41,-68,-51,20
2020-04-17,Netherlands,Zeeland,-41,-10,-11,-45,-38,15
2020-04-17,Norway,Total,-24,3,68,-44,-44,16
2020-04-17,Norway,Agder,-20,2,66,-18,-43,14
2020-04-17,Norway,Innlandet,-24,-8,9,-45,-38,14
2020-04-17,Norway,Møre og Romsdal,-20,0,83,-27,-39,14
2020-04-17,Norway,Nordland,-23,5,31,-54,-36,13
2020-04-17,Norway,Oslo,-40,9,108,-54,-60,23
2020-04-17,Norway,Rogaland,-23,1,133,-43,-42,16
2020-04-17,Norway,Troms Og Finnmark,-32,-5,-14,-59,-39,14
2020-04-17,Norway,Trondelag,-28,0,30,-53,-45,18
2020-04-17,Norway,Vestfold Og Telemark,-12,5,81,-31,-40,13
2020-04-17,Norway,Vestland,-28,0,59,-41,-42,16
2020-04-17,Norway,Viken,-12,9,115,-52,-45,16
2020-04-17,Nepal,Total,-79,-66,-52,-72,-69,26
2020-04-17,New Zealand,Total,-90,-37,-81,-87,-72,37
2020-04-17,New Zealand,Auckland,-88,-33,-75,-89,-77,41
2020-04-17,New Zealand,Bay Of Plenty,-92,-37,-90,-82,-66,34
2020-04-17,New Zealand,Canterbury,-87,-37,-78,-88,-70,36
2020-04-17,New Zealand,Hawke's Bay,-92,-39,-71,-84,-58,29
2020-04-17,New Zealand,Manawatu-Wanganui,-93,-34,-80,-76,-62,31
2020-04-17,New Zealand,Northland,-91,-42,-87,-86,-65,31
2020-04-17,New Zealand,Otago,-95,-49,-86,-91,-73,39
2020-04-17,New Zealand,Waikato,-92,-41,-87,-81,-69,35
2020-04-17,New Zealand,Wellington,-93,-35,-70,-88,-79,40
2020-04-17,Oman,Total,-64,-51,-63,-75,-35,19
2020-04-17,Panama,Total,-77,-49,-69,-74,-72,42
2020-04-17,Peru,Total,-82,-59,-73,-83,-73,41
2020-04-17,Peru,Ancash,-79,-59,-63,-87,-64,34
2020-04-17,Peru,Arequipa,-80,-66,-68,-74,-72,41
2020-04-17,Peru,Ayacucho,-73,-53,-67,-87,-59,37
2020-04-17,Peru,Cajamarca,-75,-53,-67,-86,-60,35
2020-04-17,Peru,Callao Region,-76,-54,-71,-90,-76,42
2020-04-17,Peru,Cusco,-84,-61,-71,-85,-66,41
2020-04-17,Peru,Huanuco,-76,-66,-66,-85,-60,33
2020-04-17,Peru,Ica,-74,-49,-71,-88,-61,35
2020-04-17,Peru,Junin,-75,-65,-62,-83,-62,37
2020-04-17,Peru,La Libertad,-81,-55,-68,-82,-68,36
2020-04-17,Peru,Lambayeque,-83,-65,-70,-88,-70,37
2020-04-17,Peru,Lima Region,-73,-55,-67,-83,-56,33
2020-04-17,Peru,Loreto,-78,-59,-67,-69,-58,34
2020-04-17,Peru,Metropolitan Municipality of Lima,-85,-59,-81,-83,-79,45
2020-04-17,Peru,Piura,-76,-59,-66,-84,-64,34
2020-04-17,Peru,Puno,-74,-61,-59,-77,-59,36
2020-04-17,Peru,San Martin,-78,-59,-58,-83,-60,33
2020-04-17,Peru,Tacna,-80,-62,-72,-82,-68,39
2020-04-17,Peru,Ucayali,-71,-36,-61,-86,-57,34
2020-04-17,Papua New Guinea,Total,-20,-2,-14,-33,-3,11
2020-04-17,Philippines,Total,-79,-56,-53,-85,-71,39
2020-04-17,Pakistan,Total,-63,-47,-33,-54,-50,19
2020-04-17,Poland,Total,-53,-28,-44,-61,-42,20
2020-04-17,Poland,Greater Poland Voivodeship,-51,-27,-27,-61,-42,20
2020-04-17,Poland,Kuyavian-Pomeranian Voivodeship,-50,-27,-23,-61,-38,18
2020-04-17,Poland,Lesser Poland Voivodeship,-61,-35,-71,-68,-48,23
2020-04-17,Poland,Łódź Voivodeship,-47,-23,-38,-50,-30,18
2020-04-17,Poland,Lower Silesian Voivodeship,-54,-30,-40,-65,-46,21
2020-04-17,Poland,Lublin Voivodeship,-56,-31,-41,-61,-29,18
2020-04-17,Poland,Lubusz Voivodeship,-46,-29,-18,-56,-39,19
2020-04-17,Poland,Masovian Voivodeship,-56,-29,-49,-68,-54,25
2020-04-17,Poland,Opole Voivodeship,-51,-25,-29,-60,-39,18
2020-04-17,Poland,Podkarpackie Voivodeship,-55,-29,-35,-63,-31,19
2020-04-17,Poland,Podlaskie Voivodeship,-57,-27,-24,-53,-28,18
2020-04-17,Poland,Pomeranian Voivodeship,-52,-29,-39,-60,-33,19
2020-04-17,Poland,Silesian Voivodeship,-52,-26,-35,-52,-31,18
2020-04-17,Poland,Swietokrzyskie,-54,-26,-37,-56,-41,19
2020-04-17,Poland,Warmian-Masurian Voivodeship,-50,-28,-21,-54,-24,15
2020-04-17,Poland,West Pomeranian Voivodeship,-51,-30,-44,-53,-39,18
2020-04-17,Puerto Rico,Total,-62,-31,-59,-75,-57,30
2020-04-17,Portugal,Total,-69,-30,-58,-73,-62,35
2020-04-17,Portugal,Aveiro District,-66,-24,-52,-76,-56,36
2020-04-17,Portugal,Azores,-70,-33,-51,-82,-60,29
2020-04-17,Portugal,Braga,-67,-24,-65,-68,-58,37
2020-04-17,Portugal,Castelo Branco District,-66,-27,-56,-74,-56,30
2020-04-17,Portugal,Coimbra District,-68,-31,-78,-70,-59,35
2020-04-17,Portugal,Évora District,-65,-28,-69,-77,-55,28
2020-04-17,Portugal,Faro District,-68,-35,-59,-76,-58,26
2020-04-17,Portugal,Leiria District,-67,-31,-55,-74,-54,33
2020-04-17,Portugal,Lisbon,-72,-32,-59,-76,-68,38
2020-04-17,Portugal,Madeira,-76,-43,-72,-68,-68,37
2020-04-17,Portugal,Porto District,-71,-28,-56,-73,-61,38
2020-04-17,Portugal,Santarém District,-67,-30,-50,-75,-55,31
2020-04-17,Portugal,Setubal,-62,-25,-43,-71,-65,35
2020-04-17,Portugal,Viana do Castelo District,-67,-29,-56,-57,-58,36
2020-04-17,Portugal,Vila Real District,-71,-36,-58,-63,-58,32
2020-04-17,Portugal,Viseu District,-68,-31,-51,-53,-59,34
2020-04-17,Paraguay,Total,-58,-35,-56,-67,-44,28
2020-04-17,Qatar,Total,-69,-44,-64,-68,-38,21
2020-04-17,Romania,Total,-64,-21,-46,-67,-68,24
2020-04-17,Romania,Alba County,-62,-21,-27,-51,-69,24
2020-04-17,Romania,Arad County,-66,-22,-34,-64,-71,27
2020-04-17,Romania,Argeș County,-63,-21,-23,-65,-69,24
2020-04-17,Romania,Bacău County,-63,-27,-25,-61,-58,20
2020-04-17,Romania,Bihor County,-63,-24,-28,-55,-68,25
2020-04-17,Romania,Bistrița-Năsăud County,-64,-29,-29,-53,-66,21
2020-04-17,Romania,Botoșani County,-61,-28,7,-60,-51,19
2020-04-17,Romania,Brăila County,-54,-13,-46,-58,-59,21
2020-04-17,Romania,Brașov County,-71,-34,-70,-69,-73,27
2020-04-17,Romania,Bucharest,-73,-23,-79,-73,-80,33
2020-04-17,Romania,Buzău County,-52,-22,-25,-35,-56,20
2020-04-17,Romania,Călărași County,-33,-5,-16,-48,-55,20
2020-04-17,Romania,Caraș-Severin County,-64,-23,-30,-43,-60,21
2020-04-17,Romania,Cluj County,-73,-31,-41,-72,-76,29
2020-04-17,Romania,Constanța County,-61,-13,-54,-61,-58,21
2020-04-17,Romania,Covasna County,-64,-34,-43,-48,-49,18
2020-04-17,Romania,Dâmbovița County,-60,-13,-34,-46,-62,22
2020-04-17,Romania,Dolj County,-66,-18,-45,-62,-63,21
2020-04-17,Romania,Galați,-59,-13,-50,-57,-60,21
2020-04-17,Romania,Giurgiu County,-40,3,-5,-33,-59,22
2020-04-17,Romania,Gorj County,-53,-16,-31,-59,-55,20
2020-04-17,Romania,Harghita County,-62,-40,-41,-43,-42,16
2020-04-17,Romania,Hunedoara County,-65,-17,-43,-58,-64,20
2020-04-17,Romania,Ialomița County,-37,-7,-17,-56,-51,19
2020-04-17,Romania,Iași County,-67,-24,-38,-62,-69,25
2020-04-17,Romania,Ilfov County,-60,-6,-29,-76,-75,31
2020-04-17,Romania,Maramureș County,-60,-28,-29,-60,-65,22
2020-04-17,Romania,Mehedinți County,-57,-21,-35,-63,-54,18
2020-04-17,Romania,Mureș County,-65,-29,-48,-56,-60,21
2020-04-17,Romania,Neamț County,-62,-30,-37,-57,-57,20
2020-04-17,Romania,Olt County,-56,-10,-31,-52,-54,17
2020-04-17,Romania,Prahova,-66,-22,-61,-68,-68,25
2020-04-17,Romania,Sălaj,-60,-25,-48,-49,-61,20
2020-04-17,Romania,Satu Mare County,-62,-22,-23,-56,-61,22
2020-04-17,Romania,Sibiu,-69,-26,-59,-68,-78,28
2020-04-17,Romania,Suceava County,-69,-39,-35,-68,-60,24
2020-04-17,Romania,Teleorman County,-43,-7,16,-47,-49,17
2020-04-17,Romania,Timiș County,-66,-25,-56,-73,-76,29
2020-04-17,Romania,Tulcea County,-54,-21,-37,-57,-55,19
2020-04-17,Romania,Vâlcea County,-62,-18,-32,-56,-59,19
2020-04-17,Romania,Vaslui County,-59,-24,-1,-54,-48,18
2020-04-17,Romania,Vrancea County,-61,-24,-2,-52,-56,18
2020-04-17,Rwanda,Total,-64,-62,-17,-76,-58,32
2020-04-17,Saudi Arabia,Total,-77,-45,-79,-86,-48,24
2020-04-17,Saudi Arabia,Al Madinah Province,-81,-56,-82,-91,-56,29
2020-04-17,Saudi Arabia,Al Qassim,-61,-34,-73,-72,-30,19
2020-04-17,Saudi Arabia,Aseer Province,-54,-23,-56,-76,-28,18
2020-04-17,Saudi Arabia,Eastern Province,-77,-44,-75,-87,-47,24
2020-04-17,Saudi Arabia,Hail Province,-54,-31,-68,-62,-24,16
2020-04-17,Saudi Arabia,Jazan,-64,-38,-74,-61,-23,16
2020-04-17,Saudi Arabia,Makkah Province,-82,-51,-87,-87,-54,26
2020-04-17,Saudi Arabia,Riyadh Province,-81,-45,-84,-90,-53,26
2020-04-17,Saudi Arabia,Tabuk Province,-72,-44,-69,-56,-43,22
2020-04-17,Sweden,Total,-18,-3,56,-36,-32,11
2020-04-17,Sweden,Dalarna County,-28,-11,-7,-33,-34,10
2020-04-17,Sweden,Gavleborg County,-16,-6,31,-33,-35,10
2020-04-17,Sweden,Jamtland County,-32,-18,7,-44,-38,12
2020-04-17,Sweden,Jonkoping County,-11,-2,47,-23,-22,7
2020-04-17,Sweden,Norrbotten County,-23,-12,81,-44,-36,9
2020-04-17,Sweden,Östergötland County,-11,-4,97,-35,-25,9
2020-04-17,Sweden,Skåne County,-14,-1,118,-38,-25,9
2020-04-17,Sweden,Stockholm County,-27,-5,18,-44,-42,16
2020-04-17,Sweden,Uppsala County,-18,1,51,-41,-28,13
2020-04-17,Sweden,Varmland County,-15,-4,31,-28,-33,10
2020-04-17,Sweden,Västerbotten County,-24,-8,41,-41,-40,12
2020-04-17,Sweden,Västra Götaland County,-16,-2,97,-32,-30,11
2020-04-17,Singapore,Total,-60,-17,-57,-65,-65,47
2020-04-17,Slovenia,Total,-68,-29,-12,-55,-50,23
2020-04-17,Slovenia,Administrative unit Maribor,-69,-34,-16,-69,-50,20
2020-04-17,Slovenia,Ljubljana,-71,-32,-31,-68,-58,26
2020-04-17,Slovakia,Total,-63,-12,27,-53,-44,18
2020-04-17,Slovakia,Banská Bystrica Region,-67,-14,33,-47,-40,16
2020-04-17,Slovakia,Bratislava Region,-64,-15,50,-59,-54,23
2020-04-17,Slovakia,Nitra Region,-60,-10,36,-47,-40,17
2020-04-17,Slovakia,Prešov Region,-66,-14,-38,-51,-42,17
2020-04-17,Slovakia,Trenčín Region,-59,-10,37,-47,-39,16
2020-04-17,Slovakia,Trnava Region,-58,-3,80,-54,-42,18
2020-04-17,Slovakia,Žilina Region,-67,-14,-3,-54,-42,18
2020-04-17,Senegal,Total,-43,-30,-28,-51,-32,19
2020-04-17,El Salvador,Total,-71,-45,-65,-68,-62,34
2020-04-17,Togo,Total,-36,-23,-15,-38,-21,21
2020-04-17,Thailand,Total,-49,-19,-48,-62,-33,21
2020-04-17,Tajikistan,Total,-3,-3,-2,-13,14,-2
2020-04-17,Turkey,Total,-53,15,-31,-57,-48,21
2020-04-17,Trinidad and Tobago,Total,-65,-24,-54,-76,-61,30
2020-04-17,Taiwan,Total,-8,2,2,-15,3,3
2020-04-17,Tanzania,Total,-29,-19,-14,-23,-22,12
2020-04-17,Uganda,Total,-68,-55,-24,-70,-55,32
2020-04-17,Uruguay,Total,-52,-26,-66,-49,-32,19
2020-04-17,Uruguay,Canelones Department,-49,-29,-63,-53,-30,19
2020-04-17,Uruguay,Cerro Largo Department,-45,-13,-60,-35,-14,14
2020-04-17,Uruguay,Colonia Department,-55,-27,-73,-69,-25,17
2020-04-17,Uruguay,Maldonado Department,-74,-50,-86,-74,-47,21
2020-04-17,Uruguay,Montevideo Department,-51,-20,-55,-38,-38,23
2020-04-17,Uruguay,Paysandú Department,-43,10,-62,-46,-19,15
2020-04-17,Uruguay,Rivera Department,-50,-21,-53,-50,-23,14
2020-04-17,Uruguay,San José Department,-33,-18,-55,-35,-21,17
2020-04-17,Uruguay,Tacuarembó Department,-38,-15,-62,-44,-12,14
2020-04-17,Venezuela,Total,-60,-36,-52,-61,-50,24
2020-04-17,Vietnam,Total,-51,-30,-35,-54,-25,18
2020-04-17,Yemen,Total,-8,2,-10,-14,5,3
2020-04-17,South Africa,Total,-71,-38,-45,-78,-70,38
2020-04-17,South Africa,Eastern Cape,-74,-41,-22,-76,-66,33
2020-04-17,South Africa,Free State,-71,-35,-47,-58,-61,33
2020-04-17,South Africa,Gauteng,-71,-38,-59,-80,-75,42
2020-04-17,South Africa,KwaZulu-Natal,-71,-41,-27,-79,-66,35
2020-04-17,South Africa,Limpopo,-64,-44,-6,-69,-62,32
2020-04-17,South Africa,Mpumalanga,-67,-37,-23,-60,-58,32
2020-04-17,South Africa,North West,-70,-39,-31,-60,-63,35
2020-04-17,South Africa,Northern Cape,-66,-39,-31,-72,-57,32
2020-04-17,South Africa,Western Cape,-76,-43,-77,-84,-74,38
2020-04-17,Zambia,Total,-23,-14,-6,-26,-15,13
2020-04-17,Zimbabwe,Total,-62,-48,-47,-79,-62,43
